Category,SubCategory 1,SubCategory 2,Term,Communicable Disease,ontology term,ontology ID,,,,,
,,,HEALTH DATA,,,,,,,,
Health,Health Data,Health Data,Claims Data,,"administrative claims, healthcare",mesh:D000067575,,,,,
Health,Health Data,Health Data,Electronic Health Records,,electronic health records,mesh:D057286,,,,,
Health,Health Data,Health Data,Health Survey Data,,health surveys,mesh:D006306,,,,,
Health,Health Data,Health Data,Mens Health,,men's health,mesh:D054526,,,,,
Health,Health Data,Health Data,Womens Health,,women's health,mesh:D016387,,,,,
Health,Health Data,Health Data,Occupational Health,,occupational health,mesh:D016272,,,,,
Health,Health Data,Health Data,Nutrition,,nutrition survey,mesh:D009749,,,,,
Health,Health Data,Health Data,Physical Fitness,,physical fitness,mesh:D010809,,,,,
Health,Health Data,Health Data,Health Behavior,,health behavior,mesh:D015438,,,,,
Health,Health Data,Health Data,Child Health,,child health,mesh:D000067576,,,,,
Health,Health Data,Health Data,Adolescent Health,,adolescent health,mesh:D000067697,,,,,
Health,Health Data,Health Data,Reproductive/Birth,,reproductive history,mesh:D017584,,,,,
Health,Health Data,Health Data,Health Indicators,,health status indicators,mesh:D006305,,,,,
Health,Health Data,Health Data,Geriatric Health,,healthy aging,mesh:D000073656,,,,,
Health,Health Data,Health Data,Orthopedic Health,,not found,,,,,,
Health,Health Data,Health Data,Maternal and Child Health,,maternal health,mesh:D000068097,,,,,
Health,Health Data,Health Data,Medication Adherence ,,medication adherance,mesh:D055118,,,,,
Health,Health Data,Health Data,Developmental Health,,developmental origins of health and disease,mesh:D000098845,,,,,
Health,Health Data,Health Data,Patient-Reported Outcomes ,,patient reported outcome measures,mesh:D000071066,,,,,
Health,Health Data,Health Data,Immunization,,immunization,mesh:D007114,,,,,
Health,Health Data,Health Data,Radiation Therapy,,radiotherapy,mesh:D011878,,,,,
Health,Health Data,Health Data,Disease Risk,,risk factors,mesh:D012307,,,,,
Health,Health Data,Health Data,Disability,,persons with disabilities,mesh:D006233,,,,,
Health,Health Data,Health Data,Fertility,,fertility,mesh:D005298,,,,,
Health,Health Data,Health Data,Genetics,,genetics,mesh:D005823,,,,,
Health,Health Data,Health Data,Metabolomics,,metabolomics,mesh:D005823,,,,,
Health,Health Data,Health Data,Clinical Chemistry,,clinical chemistry tests,mesh:D005823,,,,,
Health,Health Data,Health Data,Well-Being,,,,,,,,
,,,HEALTH POPULATION,,,,,,,,
Health,Health Population,Health Population,General Population,,population,mesh:D011153,,,,,
Health,Health Population,Health Population,Inpatient,,inpatients,mesh:D011153,,,,,
Health,Health Population,Health Population,Readmissions,,patient readmission,mesh:D010359,,,,,
Health,Health Population,Health Population,Outpatient,,outpatients,mesh:D010045,,,,,
Health,Health Population,Health Population,Emergency Care,,emergency medical services,mesh:D004632,,,,,
Health,Health Population,Health Population,Indigenous People,,indigenous peoples,mesh:D000081034,,,,,
Health,Health Population,Health Population,Populations of Concern,,not found,,,,,,
,,,HEALTH SYSTEM,,,,,,,,
Health,Health System,Health System,Health Care Provider Characteristics,,health personnel,mesh:D006282,,,,,
Health,Health System,Health System,Health Care Facilities Characteristics,,health facilities,mesh:D006268,,,,,
Health,Health System,Health System,Health Outcomes,,patient outcome assessment,mesh:D063868,,,,,
Health,Health System,Health System,Health Care Quality,,quality of health care,mesh:D011787,,,,,
Health,Health System,Health System,Health Care Indicators,,"quality indicators, health care",mesh:D019984,,,,,
Health,Health System,Health System,Health Prevention,,preventive health service,mesh:D011314,,,,,
Health,Health System,Health System,Health Care Benefits,,not found,,,,,,
Health,Health System,Health System,Health Care Referrals,,referral and consultation,mesh:D012017,,,,,
Health,Health System,Health System,Medical Financial Assistance,,public assistance,mesh:D011632,,,,,
Health,Health System,Health System,Health Care Utilization,,health service utilization,SCDO:0000493,,,,,
Health,Health System,Health System,Health Equity ,,health equity,mesh:D000069576,,,,,
Health,Health System,Health System,Vaccine Safety and Effectiveness ,,vaccine effectiveness rate,VO:0000443,,,,,
,,,HEALTH CONDITION,,,,,,,,
Health,Health Condition,Health Condition,General Health,,,,,,,,
Health,Health Condition,Health Condition,Cardiovascular System,,cardiovascular system,UBERON:0004535,,,,,
Health,Health Condition,Health Condition,Endocrine System,,endocrine system,UBERON:0000949,,,,,
Health,Health Condition,Health Condition,Gastrointestinal System,,digestive system,UBERON:0001007,,,,,
Health,Health Condition,Health Condition,Hematopoietic System,,hematopoietic system,UBERON:0002390,,,,,
Health,Health Condition,Health Condition,Immune System,,immune system,UBERON:0002405,,,,,
Health,Health Condition,Health Condition,Integumentary System,,integumental system,UBERON:0002416,,,,,
Health,Health Condition,Health Condition,Musculoskeletal System,,musculoskeletal,UBERON:0002204,,,,,
Health,Health Condition,Health Condition,Reproductive System,,reproductive system,UBERON:0000990,,,,,
Health,Health Condition,Health Condition,Respiratory System,,respiratory system,UBERON:0001004,,,,,
Health,Health Condition,Health Condition,Thoracic System,,not found,,,,,,
Health,Health Condition,Health Condition,Urinary System,,renal system,UBERON:0001008,,,,,
Health,Health Condition,Health Condition,Nervous System,,nervous system,UBERON:0001016,,,,,
Health,Health Condition,Health Condition,Injury,,injury,MONDO:0021178,,,,,
Health,Health Condition,Health Condition,Infectious Disease,,infectious disease,MONDO:0005550,,,,,
Health,Health Condition,Health Condition,Cancer,,neoplasm,HP:0002664,,,,,
Health,Health Condition,Health Condition,Asthma,,asthma,HP:0002099,,,,,
Health,Health Condition,Health Condition,Mental Health,,mental health,mesh:D008603,,,,,
Health,Health Condition,Health Condition,Diabetes,,diabetes mellitus,HP:0000819,,,,,
Health,Health Condition,Health Condition,Osteoporosis,,osteoporosis,HP:0000939,,,,,
Health,Health Condition,Health Condition,Birth Defect,,congenital abnormalities,mesh:D000013,,,,,
Health,Health Condition,Health Condition,Chronic Obstructive Pulmonary Disease (COPD),,chronic pulmonary obstruction,HP:0006510,,,,,
Health,Health Condition,Health Condition,Heat Related Illnesses,,heat related illness,NCIT:C206556,,,,,
Health,Health Condition,Health Condition,Hormone Disorder,,not found,,,,,,
Health,Health Condition,Health Condition,Stroke,,stroke,HP:0001297,,,,,
Health,Health Condition,Health Condition,Kidney Disease,,kidney disorder,MONDO:0005240,,,,,
Health,Health Condition,Health Condition,Obesity,,obesity,HP:0001513,,,,,
Health,Health Condition,Health Condition,Dental and Oral Conditions,,dental disorder,NCIT:C35077,,,,,
Health,Health Condition,Health Condition,Arthritis,,arthritis,HP:0001369,,,,,
Health,Health Condition,Health Condition,COVID-19,,COVID-19,mesh:D000086382,,,,,
Health,Health Condition,Health Condition,Death,,death,mesh:D003643,,,,,
Health,Health Condition,Health Condition,Infectious Disease,,infectious disease,MONDO:0005550,,duplication,,,
Health,Health Condition,Health Condition,Eye and Vision,,eye disorder,MONDO:0005328,,,,,
Health,Health Condition,Health Condition,AIDS/HIV,,two terms,,,acquired immunodeficiency disease,NCIT:C2851,HIV infection,NCIT:C3108
Health,Health Condition,Health Condition,Tuberculosis,,tuberculosis,mesh:D014376,,,,,
Health,Health Condition,Health Condition,Communicable Disease,,infectious disease,,,duplication,,,
Health,Health Condition,Health Condition,Anemia,,anemia,HP:0001903,,,,,
Health,Health Condition,Health Condition,Hearing Loss,,hearing impairment,HP:0000365,,,,,
Health,Health Condition,Health Condition,Allergy,,allergy,HP:0012393,,,,,
Health,Health Condition,Health Condition,Anxiety,,anxiety,HP:0000739,,,,,
Health,Health Condition,Health Condition,Hypertension,,hypertension,HP:0000822,,,,,
,,,REMOTE SENSING,,,,,,,,
Environment,Remote Sensing,Remote Sensing,Nightime Imagery,,,,,,,,
Environment,Remote Sensing,Remote Sensing,Land Environment Indicators,,environmental indicators,mesh:D000079264,,,,,
Environment,Remote Sensing,Remote Sensing,Infrared Radiation,,infrared radiation,ENVO:21001214,,,,,
Environment,Remote Sensing,Remote Sensing,Light Absorption/Scatter,,two terms,,,light scattering,CHMO:0000166,absorption,mesh:D000042
Environment,Remote Sensing,Remote Sensing,Solar Radiation,,solar radiation,ENVO:01001862,,,,,
Environment,Remote Sensing,Remote Sensing,Ultraviolet Radiation,,ultraviolet radiation,ENVO:21001216,,,,,
Environment,Remote Sensing,Remote Sensing,Radiation,,radiation,ENVO:01001023,,,,,
Environment,Remote Sensing,Remote Sensing,Evaporation,,evaporation,ENVO:02500034,,,,,
Environment,Remote Sensing,Remote Sensing,Radiative Forcing,,not found,,,,,,
Environment,Remote Sensing,Remote Sensing,Atmospheric Stability,,not found,,,duplication,,,
,,,VEGETATION,,,,,,,,
Environment,Land,Vegetation,Biomass,,organic material,ENVO:01000155,,,,,
Environment,Land,Vegetation,Vegetation Cover,,vegetation layer,ENVO:01000355,,,,,
Environment,Land,Vegetation,Vegetation Type,,vegetation layer,ENVO:01000355,,,,,
Environment,Land,Vegetation,Vegetation Phenology,,plant phenology trait,PPO:0002000,,,,,
Environment,Land,Vegetation,Vegetation Stress,,not found,,,,,,
Environment,Land,Vegetation,Vegetation Productivity,,not found,,,,,,
Environment,Land,Vegetation,Vegetation Structure,,vegetation layer,ENVO:01000355,,,,,
Environment,Land,Vegetation,Vegetation Indicators,,not found,,,,,,
Environment,Land,Vegetation,Vegetation Greenness,,vegetated area,ENVO:01001305,,,,,
Environment,Land,Vegetation,Canopy Characteristics,,canopy,ENVO:01001242,,,,,
Environment,Land,Vegetation,Solar Induced Fluorescence,,not found,,,,,,
,,,LAND SURFACE,,,,,,,,
Environment,Land,Land Surface,Topography,,not found,,,,,,
Environment,Land,Land Surface,Surface Reflectance,,not found,,,,,,
Environment,Land,Land Surface,Land Use,,land use process,ENVO:01001431,,,,,
Environment,Land,Land Surface,Land Cover,,vegetated area,ENVO:01001305,,,,,
Environment,Land,Land Surface,Land Surface Characteristics,,not found,,,,,,
Environment,Land,Land Surface,Soil Moisture,,concentration of liquid water in soil,ENVO:09000026,,,,,
Environment,Land,Land Surface,Soil Temperature,,temperature of soil,ENVO:09200012,,,,,
,,,WATER QUALTIY,,,,,,,,
Environment,Water,Water Quality,Impaired Water,,water pollution,ENVO:02500039,,,,,
Environment,Water,Water Quality,Drinking Water,,drinking water,ENVO:00003064,,,,,
Environment,Water,Water Quality,Water Composition,,composition of water,ENVO:09200017,,,,,
Environment,Water,Water Quality,Water Quality Indicators,,water qulaity,mesh:D060753,,,,,
Environment,Water,Water Quality,Waste Water,,waste water,ENVO:00002001,,,,,
,,,WATER BODIES,,,,,,,,
Environment,Water,Water Bodies,Sea Surface Temperature,,temperature of sea surface,ENVO:04000002,,,,,
Environment,Water,Water Bodies,Ocean Color,,color,PATO:0000014,,,,,
Environment,Water,Water Bodies,Sea Surface Salinity,,salinity,PATO:0085001,,,,,
Environment,Water,Water Bodies,Evapotranspiration,,not found,,,,,,
Environment,Water,Water Bodies,Ground Water,,ground water,ENVO:00002041,,,,,
Environment,Water,Water Bodies,Sea Ice,,sea ice,ENVO:00002200,,,,,
,,,AIR QUALITY,,,,,,,,
Environment,Air,Air Quality,Diesel,,diesel exhaust,ENVO:03510008,,also diesel fuel,,,
Environment,Air,Air Quality,PM2.5,,not separated,,,,,,
Environment,Air,Air Quality,PM10,,not separated,,,,,,
Environment,Air,Air Quality,"Particulate Matter (PM2.5, PM10)",,ultrafine respirable suspended particulate matter,ENVO:01000416,,,,,
Environment,Air,Air Quality,Sulfur Dioxide (SO2),,sulfur dioxide,CHEBI:18422,,,,,
Environment,Air,Air Quality,Ozone (O3),,ozone,CHEBI:25812,,,,,
Environment,Air,Air Quality,Carbon Monoxide (CO),,carbon monoxide,CHEBI:17245,,,,,
Environment,Air,Air Quality,Carbon Dioxide (CO2),,carbon dioxide,CHEBI:16526,,,,,
Environment,Air,Air Quality,Air Quality Indicators,,not found - see EPA,,,,,,
Environment,Air,Air Quality,Air Pollutants,,air pollution,ENVO:02500037,,,,,
Environment,Air,Air Quality,Nitrogen Dioxide (NO2),,nitrogen dioxide,CHEBI:33101,,,,,
Environment,Air,Air Quality,Formaldehyde (HCHO),,formaldehyde,CHEBI:16842,,,,,
Environment,Air,Air Quality,Dust,,dust,ENVO:00002008,,,,,
Environment,Air,Air Quality,Ammonia (NH3),,ammonia,CHEBI:16134,,,,,
Environment,Air,Air Quality,Aerosol,,aerosol,ENVO:00010505,,,,,
Environment,Air,Air Quality,Trace Gases,,not found,,,,,,
Environment,Air,Air Quality,Volatile Organic Compounds (VOC),,volatile organic compound,CHEBI:134179,,,,,
Environment,Air,Air Quality,Aeroallergens,,not found,,,,,,
Environment,Air,Air Quality,Black Carbon,,carbon black,CHEBI:82297,,,,,
Environment,Air,Air Quality,Methane (CH4),,methane,CHEBI:16183,,,,,
Environment,Air,Air Quality,"Nitrous Oxide (laughing gas, N2O)",,nitrous oxide,CHEBI:749671,,,,,
Environment,Air,Air Quality,Water Vapor,,water vapour,ENVO:01000266,,,,,
Environment,Air,Air Quality,Chlorofluorocarbons (CFC),,chlorofouorocarbon,CHEBI:134024,,,,,
Environment,Air,Air Quality,Nitric Oxide (NO),,nitric oxide,CHEBI:16480,,,,,
,,,WILDFIRE CHARACTERISTICS,,,,,,,,
Environment,Wildfire,Wildfire Characteristics,Fire Area,,area,NCIT:C25244,,,,,
Environment,Wildfire,Wildfire Characteristics,Fire Location,,not found,,,,,,
Environment,Wildfire,Wildfire Characteristics,Burn Severity,,not found,,,,,,
Environment,Wildfire,Wildfire Characteristics,Fire Perimeter,,perimeter,PATO:0001711,,,,,
Environment,Wildfire,Wildfire Characteristics,Fire Type,,land fire,ENVO:01001292,,,,,
Environment,Wildfire,Wildfire Characteristics,Fire Hotspot,,not found,,,,,,
Environment,Wildfire,Wildfire Characteristics,Fire Emission,,not found,,,,,,
Environment,Wildfire,Wildfire Characteristics,Fire Fuel,,fuel,CHEBI:33292,,not good match,,,
Environment,Wildfire,Wildfire Characteristics,Fire Smoke,,smoke,ENVO:01000838,,,,,
Environment,Wildfire,Wildfire Characteristics,Fire Detail,,not found,,,,,,
,,,WILDFIRE MANAGEMENT,,,,,,,,
Environment,Wildfire,Wildfire Management,Fire Death and Injury,,death by fire (event),SNOMED:67786008,,,,,
Environment,Wildfire,Wildfire Management,Fire Damage,,not found,,,,,,
Environment,Wildfire,Wildfire Management,Fire Suppression,,not found,,,,,,
Environment,Wildfire,Wildfire Management,Fire Forecasting,,not found,,,,,,
Environment,Wildfire,Wildfire Management,Fire Management,,planned burn,ENVO:03000122,,not good match,,,
,,,WEATHER,,,,,,,,
Environment,Weather,Weather,Drought,,drought,ENVO:1000745,,,,,
Environment,Weather,Weather,Heat,,not found,,,,,,
Environment,Weather,Weather,Precipitation,,hydrological precipitation process,ENVO:01000703,,,,,
Environment,Weather,Weather,Temperature,,temperature,PATO:0000146,,,,,
Environment,Weather,Weather,Flooding,,flood,ENVO:01000710,,,,,
Environment,Weather,Weather,Hurricanes,,cyclone,ENVO:01001297,,,,,
Environment,Weather,Weather,Tornados,,tornado,ENVO:01001482,,,,,
Environment,Weather,Weather,Wildfires,,wildfire,ENVO:01000787,,,,,
Environment,Weather,Weather,Humidity,,humidity,PATO:0015009,,,,,
Environment,Weather,Weather,Winds,,atmospheric wind,ENVO:01000793,,,,,
Environment,Weather,Weather,Clouds,,cloud,ENVO:01000760,,,,,
Environment,Weather,Weather,UV Radiation,,,,,duplication,,,
Environment,Weather,Weather,Lightning,,atmospheric lightning,ENVO:01000898,,,,,
Environment,Weather,Weather,Snow,,snow,ENVO:01000406,,,,,
Environment,Weather,Weather,Sunlight,,solar radiation,ENVO:01001862,,,,,
Environment,Weather,Weather,Barometric Pressure,,pressure of air,ENVO:09200011,,,,,
Environment,Weather,Weather,Dew Point,,dew point,ENVO:01001859,,,,,
Environment,Weather,Weather,Visibility,,atmospheric aerosol,ENVO:01001652,,not good match,,,
Environment,Weather,Weather,Atmospheric Stability,,not found,,,duplication,,,
Environment,Weather,Weather,Monsoon,,monsoon wind,ENVO:03000130,,,,,
,,,SOCIAL CONTEXT,,,,,,,,
Social,Social Context,Social Context,Demographics,,demographic,mesh:D003710,,,,,
Social,Social Context,Social Context,Immigration,,emigration and immigration,mesh:D004641,,,,,
Social,Social Context,Social Context,Living Conditions,,home environment,mesh:D004641,,,,,
Social,Social Context,Social Context,Socioeconomic Indicators,,socioeconomic factors,mesh:D012959,,,,,
Social,Social Context,Social Context,Segregation,,social segregation,mesh:D012959,,,,,
Social,Social Context,Social Context,Traffic,,not found,,,,,,
Social,Social Context,Social Context,Environmental Justice Indicators,,environmental justice,mesh:D000091383,,,,,
Social,Social Context,Social Context,Social Vulnerability Indicators,,social vulnerability,mesh:D000091482,,,,,
Social,Social Context,Social Context,Rural/Urban,,urbanization,mesh:D014507,,not good match,,,
,,,ECONOMIC,,,,,,,,
Social,Economic,Economic,Income,,income,mesh:D007182,,,,,
Social,Economic,Economic,Employment,,employment,mesh:D004651,,,,,
Social,Economic,Economic,Poverty,,poverty,mesh:D011203,,,,,
Social,Economic,Economic,Occupation and Industry,,"technology, industry and agriculture",http://purl.obolibrary.org/obo/mesh#J,,,,,
,,,EDUCATION,,,,,,,,
Social,Education,Education,Proximity to School,,not found,,,,,,
Social,Education,Education,Education Attainment,,education level,NCIT:C17953,,,,,
Social,Education,Education,School System,,not found,,,,,,
Social,Education,Education,Educational Funding,,not found,,,,,,
Social,Education,Education,Literacy,,literacy,GSSO:010553,,,,,
Social,Education,Education,Numeracy,,quantitative literacy,GSSO:010556,,,,,
,,,PHYSICAL INFRASTRUCTURE,,,,,,,,
Social,Physical Infrastructure,Physical Infrastructure,Housing,,housing,mesh:D006798,,,,,
Social,Physical Infrastructure,Physical Infrastructure,Internet,,internet,mesh:D020407,,,,,
Social,Physical Infrastructure,Physical Infrastructure,Social Services,,social work,mesh:D012947,,,,,
Social,Physical Infrastructure,Physical Infrastructure,Food Access,,access to healthy foods,mesh:D000091483,,,,,
Social,Physical Infrastructure,Physical Infrastructure,Access to Exercise,,exercise,mesh:D015444,,,,,
Social,Physical Infrastructure,Physical Infrastructure,Migration,,human migration,mesh:D063426,,,,,
Social,Physical Infrastructure,Physical Infrastructure,Crime,,crime,mesh:D003415,,,,,
Social,Physical Infrastructure,Physical Infrastructure,Industry Composition,,industry,mesh:D007221,,,,,
Social,Physical Infrastructure,Physical Infrastructure,Transportation,,transportation,mesh:D014186,,,,,
Social,Physical Infrastructure,Physical Infrastructure,Walkability,,perceived walkability of neighborhood (observable entity),SNOMED:1220610008,,,,,
Social,Physical Infrastructure,Physical Infrastructure,Built Environment Indicators,,not found,,,,,,
Social,Physical Infrastructure,Physical Infrastructure,Built Environment,,built environment,mesh:D000076624,,,,,
Social,Physical Infrastructure,Physical Infrastructure,Green Space,,"parks, recreational",mesh:D000068316,,,,,
Social,Physical Infrastructure,Physical Infrastructure,Commute,,commute,NCIT:C141285,,,,,
,,,HEALTHCARE ACCESS,,,,,,,,
Social,Healthcare Access ,Physical Infrastructure,Health Insurance,,"insurance, health",mesh:D007348,,,,,
Social,Healthcare Access ,Physical Infrastructure,Distance to Provider,,not found,,,,,,
,,,EXPOSURES,,,,,,,,
Exposures,Exposures,Exposures,Proximity to Hazards,,proximally connected to,proximally_connected_to,,,,,
Exposures,Exposures,Exposures,Household Exposures,,not found,,not in ECTO,,,,
Exposures,Exposures,Exposures,Pesticide Herbicide and Fungicide Exposure,,pesticide,CHEBI:25944,not in ECTO,fungicide is a child of pesticide,,,
Exposures,Exposures,Exposures,Radon Exposure,,radon(0),CHEBI:49997,not in ECTO,,,,
Exposures,Exposures,Exposures,Lead Exposure,,lead(2+),CHEBI:49807,not in ECTO,,,,
Exposures,Exposures,Exposures,Carbon Monoxide Poisoning,,carbon monoxide poisoning,MONDO:0800373,,,,,
Exposures,Exposures,Exposures,Food-based Exposures,,not found,,not in ECTO,,,,
Exposures,Exposures,Exposures,Environmental Exposures,,exposure to environmental material,ECTO:0000015,,,,,